,A,B,C,D
2000-01-01,-2.1971953121849994,0.2621422385580271,0.5513990927702759,0.158559177642674
2000-01-02,-3.2716630391163504,-0.3629231098175053,-0.43660125347593304,0.35739181592410374
2000-01-03,-2.553831314581767,-0.17087414236626608,-1.855592013649622,0.8648821977586526
2000-01-04,-3.8460887335402774,0.44073877176173415,-2.1105318384996843,-1.8063366963879557
2000-01-05,-4.43625890998466,0.3869526816467141,-0.40526559112368155,-2.2346854540035253
2000-01-06,-4.411016038728542,-0.2734068846928948,-0.7166428425715932,-3.1635140481618396
2000-01-07,-4.310271244629495,1.7924257622666258,-0.9882214782128185,-2.5679978583361613
2000-01-08,-4.676561248266817,2.2715677593844257,-0.42108660006851906,-4.161615481725596
2000-01-09,-2.9209546768316828,3.5200798574645376,0.16922436755099557,-3.505154572215273
2000-01-10,-4.307166083461847,4.224183026631685,-0.0388788895118464,-3.331445715017921
2000-01-11,-5.713208334552362,5.823291859966794,1.304561531732017,-2.0960597896906923
2000-01-12,-4.487739979146489,5.070827608208422,1.8876983165883925,-2.311546621022612
2000-01-13,-4.042724298323703,6.736785487010966,0.8005513723591724,-1.2415447414095073
2000-01-14,-4.237388915683622,8.593706232852506,1.5555894214440165,0.25506920044367476
2000-01-15,-3.902864530869162,9.040287343379244,0.6568721055777368,0.41314195845919177
2000-01-16,-1.5771239432636932,8.202059602360256,0.2410214196059406,-0.44846529521686773
2000-01-17,-2.4065577554382758,8.99765884532657,0.7348265689613604,0.32405412208359485
2000-01-18,-2.0608172188306173,9.234047631269751,1.4233215566258728,-0.3135549206138898
2000-01-19,-1.2367500475104594,10.720309192929944,1.8960671455325069,-1.172218753783008
2000-01-20,1.222595261457728,12.80779200635683,2.1532634291034656,-0.9302027021404135
2000-01-21,-0.20611554377799135,13.03628939575091,1.318552751307883,-1.6042273260715172
2000-01-22,1.203571394526897,14.52183145942772,2.3924348557037245,-1.1281675006900997
2000-01-23,1.2738025507848854,13.704398796506343,2.2030387749954183,-0.4682863761997661
2000-01-24,0.2708670267383091,14.628346686526264,1.3691585413055645,-0.5458619698873366
2000-01-25,1.0805543529008768,14.620627680533152,2.173493505900935,-1.3185532834191522
2000-01-26,0.6789220348299765,13.836501831417191,2.0595233298407916,-1.6402962727023032
2000-01-27,-0.5504489673312594,15.237962353713618,2.765815293075384,-1.9690902603645881
2000-01-28,-0.2411490214044582,15.592007751353547,3.736434134062197,-2.734870264550703
2000-01-29,1.5508001131219502,16.166998731768256,4.516853432392093,-2.6269499594324244
2000-01-30,1.2670222147141261,17.34211570979015,5.849027738560401,-2.247566958596606
2000-01-31,2.6924107805149555,18.33944282059937,6.129662794494627,-0.7525535010286837
2000-02-01,2.582226271288141,17.44483148543798,5.34483314531033,-1.6472935407400522
2000-02-02,2.1289694321590695,18.7873879463638,7.67014982757071,0.8193348768440631
2000-02-03,3.75556316140236,18.71269403453094,7.790937676530791,1.857614223259347
2000-02-04,2.4267077189972963,18.44482938739245,8.78663042183463,3.207906506771084
2000-02-05,1.436918581116054,18.48896459520578,9.388302012982118,0.9400586709820193
2000-02-06,0.900052915958363,18.16434407760742,9.728679275167995,2.011884654371924
2000-02-07,0.7901335281457532,19.038663277285714,11.948248747979703,2.243999545871796
2000-02-08,-0.7698524301772288,19.295208466023716,12.614723066217845,2.20570191654097
2000-02-09,-1.8362678319521835,18.821502705114018,12.528139428497381,1.0388909962947617
2000-02-10,-2.814080155370348,19.054249180722,11.103600044924109,0.6340952099060775
2000-02-11,-2.7715220034394386,18.955034858892255,10.082460485393382,1.909912193696055
2000-02-12,-3.6390315041367396,19.03328105895154,10.818690508146572,1.0831371997625807
2000-02-13,-3.3852600489858604,18.16890624694127,10.695891655405845,0.5606099541309876
2000-02-14,-3.529593647516709,19.020690926691763,10.211223368775633,1.844790757577912
2000-02-15,-3.5141784009443207,19.085468861315675,12.561114174732161,3.797414701812509
2000-02-16,-3.5989438257448674,18.958432602142132,13.715161861373325,4.3482133035833375
2000-02-17,-4.262463913508292,18.371813958764374,12.484018104184917,5.0226616061466025
2000-02-18,-1.7588784581376822,18.102048149346192,12.309724443481878,6.3104205654596175
2000-02-19,-0.115645451646331,19.2568132167382,11.489254308817344,5.823020834112641
2000-02-20,0.5499985280267757,18.557212000154248,11.66080177184622,6.897064477414572
2000-02-21,-2.01080130294067,18.18961047968251,10.417999689501503,8.324509765309259
2000-02-22,-1.8640863440097828,18.09691669322305,10.348862311375672,6.271805821618562
2000-02-23,-2.2530155249284314,17.653261727875517,9.985214803916357,6.314114150086681
2000-02-24,-1.9518653189314406,16.429674268829746,8.80129684316205,6.8139274053976076
2000-02-25,-3.8262716917168227,15.183184077736257,8.240121465921934,7.342873034366305
2000-02-26,-2.3619086760218186,13.17449793527365,9.341645152065938,9.110559541564871
2000-02-27,-4.603038748374581,13.414342951071475,10.18061278053401,9.172784581958142
2000-02-28,-3.953785003071805,14.833411480978949,11.247035115826305,8.949856646679859
2000-02-29,-4.081418360731445,16.81829165676775,11.238284566137454,11.250207100968684
2000-03-01,-2.7029158281982433,16.040748065622505,11.276424764427274,8.698571481615357
2000-03-02,-3.9244130716486465,17.348282181404603,12.153101381131194,10.333628599383564
2000-03-03,-3.754046702520686,15.954347511109534,12.158223922235509,11.946096830376023
2000-03-04,-5.1104902797237575,17.74367175125823,11.45112737836629,12.19254125643257
2000-03-05,-6.711223667824404,17.78375573260273,12.207353465389849,13.534597073041887
2000-03-06,-6.236039032968202,18.415211096905388,11.86238812102934,16.7020359462639
2000-03-07,-6.030957866334768,17.288186913187904,14.024412849094292,18.216461329018035
2000-03-08,-5.646530011813254,16.15037320831469,13.511296129996916,16.156508479853787
2000-03-09,-7.106020993053824,17.523527633308664,13.388743249464502,16.64699773815839
2000-03-10,-9.184010673431498,17.408411884822332,12.445643031886034,17.484738360357408
2000-03-11,-7.807369079928035,17.913169486650997,12.472538118667286,18.460713605833448
2000-03-12,-7.667109849733641,17.468561436449946,13.407846896619905,17.18658052985063
2000-03-13,-8.900705495235629,18.15040827412491,13.634718803285963,18.86616015554001
2000-03-14,-7.731204814839112,18.643116146378567,13.718786377858132,18.818345769566285
2000-03-15,-7.666322847925927,18.995316570004828,13.362608331453243,18.488642434491616
2000-03-16,-6.873655862998549,17.783109083129588,13.422853014376292,19.267947881929178
2000-03-17,-7.392985926142322,17.317660882146885,12.804948148467513,18.841451755529
2000-03-18,-7.744431184799096,16.20179940898319,13.414145916916475,18.098743108796178
2000-03-19,-6.7750272194533565,17.067776494427108,13.215365166427567,16.24429406656242
2000-03-20,-6.4101892901234745,18.490997961435887,12.680939799950687,16.447547720613414
2000-03-21,-4.493513015272015,19.866018339932364,10.513215622282726,15.823116693315088
2000-03-22,-4.37820089564048,19.093270292282423,10.819123268440519,15.712283412868855
2000-03-23,-4.26328515204089,20.445884014253927,11.578533835408258,14.006430507062847
2000-03-24,-5.826316477980168,21.278262650585905,11.486747819329205,13.796847034450938
2000-03-25,-5.266062923588421,20.009318694514686,11.717910467923378,13.85879048970266
2000-03-26,-2.977227238253881,22.939897201167323,10.476530586301102,14.366028132752707
2000-03-27,-1.7930480208188602,24.729192258009196,10.596763546046416,14.836539731778512
2000-03-28,-1.6842299704384558,25.446428000799123,10.289744672474392,15.177209971158208
2000-03-29,-2.87332355793926,25.43907765407846,11.190533399226483,15.820371603470448
2000-03-30,-1.22130963142375,24.72023616224465,10.88542447210972,14.919831770626162
2000-03-31,-1.817060832331546,23.536016804536104,13.945063225590836,13.346517015889342
2000-04-01,-2.5306425493063136,22.04975138039245,12.17415750028918,12.160301280514679
2000-04-02,-1.8493978452701783,22.71688938982971,11.871282487041166,11.267030286335567
2000-04-03,-2.2487663289017705,22.218175806632313,11.763890948063139,11.115497281944942
2000-04-04,-1.7139959821096138,24.31120407084827,11.17403568640289,11.089620477786266
2000-04-05,-1.937589243958802,25.22940567227247,9.903992515617087,11.955755670519812
2000-04-06,-0.8376366043996508,27.012987657495437,10.482858123358955,12.9859649239001
2000-04-07,-0.5425938551737267,25.747406887612794,10.906395349586079,11.912545724797816
2000-04-08,-3.2464745750009536,25.088819322514205,12.938211465960858,11.087387931421045
2000-04-09,-3.1263673462395642,24.32598968056385,13.202361217615822,11.50161500347434
2000-04-10,-2.501967063185696,24.13537272063617,12.927089376750988,11.243610469270012
2000-04-11,-1.3129776717981887,24.76314126060068,12.738087512320783,12.143370405855343
2000-04-12,-1.5805985808835346,25.511358374155463,12.987889961726692,12.124430494234785
2000-04-13,-1.532491617567748,24.739265678519885,15.378055645334431,12.551314739534385
2000-04-14,-2.1808178779129648,26.46289755571596,17.539808857723706,11.838601273281746
2000-04-15,-2.3334010041517157,25.866060374119062,16.7107623791966,13.04657681226727
2000-04-16,-2.9418706393853573,25.631002298817357,17.95278095312961,12.423868909489393
2000-04-17,-3.5465328552628437,25.89142485344783,19.725455956021065,12.532847002127303
2000-04-18,-4.0073493518391015,24.683278550648968,20.79241372684338,11.222833851489607
2000-04-19,-4.782464225472427,23.785195122390107,18.881919186424696,8.674105810154025
2000-04-20,-3.7062175162166233,22.408474927285425,19.822996222367355,7.6276698834214205
2000-04-21,-4.27626768708845,21.26481305964033,19.552338751021573,7.408776982367694
2000-04-22,-3.9577698849664755,21.53703612496244,19.43813567600755,6.332641671124906
2000-04-23,-4.085737591429529,22.145785021879142,19.170125691434933,7.641987434943289
2000-04-24,-4.104390223318163,23.134557745904083,19.35733354320239,9.74619997919453
2000-04-25,-3.547008101133801,22.451873008076337,20.83046922064019,10.673735551382718
2000-04-26,-5.550248650077137,22.456025458518983,21.121577053303213,9.251694577115114
2000-04-27,-3.65731216364476,21.999837688461582,20.494508981767904,10.759114548782454
2000-04-28,-2.442435075225124,23.2846641859377,20.708098363407146,10.775145046985324
2000-04-29,-0.29446718779980285,22.9334208387367,19.994710314279637,12.9604489368147
2000-04-30,-0.2262218471478913,24.795897763749913,20.159321105730328,13.448808519394344
2000-05-01,0.20987619370577465,23.635740182112947,21.586338007753923,14.440201140941989
2000-05-02,-0.6250367089216917,23.11433765729225,21.43721304016349,14.4098709653919
2000-05-03,-0.7737056551639938,22.526599983508675,22.348423156925737,14.156896755630305
2000-05-04,-1.960980542439288,22.670743276073495,22.740781945222746,14.124294235943108
2000-05-05,-1.6096151851791687,22.228351483355,23.044425228606038,15.095661828049685
2000-05-06,-0.43529416223282946,22.381454280312948,23.11421210654193,13.760824854942541
2000-05-07,-0.8079929021750717,21.968404202258593,23.515150155407362,13.995687595582272
2000-05-08,-1.0780921789011635,20.256032320332984,25.00004323648549,14.54472223093867
2000-05-09,-0.8235253553762292,19.14352390680333,25.830919677545882,15.696495950729819
2000-05-10,0.5425198485599736,18.85600324208999,27.594864458805493,14.795671289258587
2000-05-11,-0.015594808783031433,17.63177917980687,26.895971134201034,15.14165524454797
2000-05-12,-1.4430464079811198,17.891717321984874,27.95527999412424,14.394696160076737
2000-05-13,-1.451336690217427,16.924990897525422,26.990198505082592,14.497182276439815
2000-05-14,-1.0058206615815535,17.57899429657581,27.126821050796405,13.386564228254837
2000-05-15,-1.470646698133977,19.333847339602293,25.23298239816928,12.72870494212187
2000-05-16,-2.444008907356839,18.54332042293898,26.14232068456774,13.560901963761369
2000-05-17,-2.1855966003402876,19.59516016250453,25.55496436279399,15.153105933615363
2000-05-18,-2.1140349309530926,19.140064730254842,27.092425371478473,14.815300987117677
2000-05-19,-1.976764082307823,17.55568444705267,26.809525752215652,15.084807861511804
2000-05-20,-2.942617193802771,17.646871374055674,28.16991547793381,15.36929508615565
2000-05-21,-2.0485230601721596,18.21447698324527,28.993077585640872,14.728081259643908
2000-05-22,-3.5371599848276407,16.806499083011268,29.08717235247343,13.953506822552594
2000-05-23,-4.506904343850753,16.504207785464065,26.904830454066698,13.16418884998638
2000-05-24,-5.490198226649813,16.674382374975366,26.5351220647118,12.538829624595692
2000-05-25,-5.719313818547688,15.978840546432338,27.158050787195457,12.49589305358578
2000-05-26,-3.9621588141008433,15.916432278829456,25.983970122983212,12.040614015115203
2000-05-27,-4.969610788485876,16.552686091630374,26.602730840077495,11.837846128311826
2000-05-28,-4.60586135519809,18.385746527170035,26.34873640934133,10.222991109949424
2000-05-29,-2.2181696701222213,18.468026798405788,25.70306610016638,12.27456397506459
2000-05-30,-2.1546236578372997,18.087314933900974,25.667818045390728,13.357444366511713
2000-05-31,-1.1307992654002317,17.208878928330474,25.987996056948127,13.173744117968818
2000-06-01,-1.182908514858619,17.004809240098623,27.51723867035662,12.643658821691552
2000-06-02,0.5358006422048154,17.236082603445148,26.229377494479884,12.75527432029344
2000-06-03,0.1872218079472024,15.954606645042622,26.445160151771994,13.390025364998948
2000-06-04,-0.33848521917071556,14.683253798536684,26.342364600211297,13.213215754865429
2000-06-05,-0.11308620022137747,13.642960821237397,27.190964220316644,15.062524262699597
2000-06-06,1.3580688691307394,13.672999063011595,27.09008210859142,15.877298779549145
2000-06-07,1.1236282838675342,13.229860217693808,27.93976768900976,16.37865701322243
2000-06-08,3.4567642936877414,12.615303028844282,28.119138565705626,15.822316649390011
2000-06-09,3.074058039762044,14.578964911171484,28.032975437926144,16.213870624775602
2000-06-10,1.3237272548199124,14.47627899376373,28.292783242485857,16.30241635147953
2000-06-11,2.2538106540179825,15.067436628771029,29.291136602529576,17.212595303814258
2000-06-12,2.4377030350118254,15.808458524110447,29.87491876745302,16.7661624443813
2000-06-13,1.7548700726025601,16.35049519553187,31.210711177377767,17.113226098474698
2000-06-14,2.6104499582295695,14.640081827440946,30.335461308019656,18.042024527087957
2000-06-15,0.7726593602935994,15.986705888803852,29.61667260944443,17.842355381681475
2000-06-16,1.061632774461343,15.504413691640297,30.15918512323875,16.574094413196395
2000-06-17,0.5461370844416796,15.74793137453245,30.531421511456763,16.081946406335103
2000-06-18,0.7397152764253752,16.54042412509842,29.819306840837168,15.835524951293234
2000-06-19,0.26103050682453144,15.61966723022857,30.107936417891885,14.881740065447385
2000-06-20,-0.8142197499464415,16.26469797311663,30.45925069020377,13.871054137466063
2000-06-21,-1.9474983430733657,15.770487816664007,32.014301491118346,14.89105978282353
2000-06-22,-3.1483054260944368,16.320669913636138,32.325675962580796,15.040501281247964
2000-06-23,-4.823883812538794,16.74922218452137,32.04609134374857,15.21414694696883
2000-06-24,-4.440202044857209,15.920805112074719,32.24992213213504,15.995458328885864
2000-06-25,-4.304660339700601,16.519221890334148,32.66147376577594,16.087387869965436
2000-06-26,-4.720275103636102,16.522545403584328,32.24874672698088,17.84439164242558
2000-06-27,-5.041823859756038,17.848728653761608,33.46954160976858,18.84061319877621
2000-06-28,-4.38323303737362,18.336958876358185,32.857300757661235,18.151253552421604
2000-06-29,-3.824487490597697,17.561454469729668,33.72790242579304,17.22069609509394
2000-06-30,-4.336681982003186,17.591572498730844,34.49688030142833,17.935121804616358
2000-07-01,-3.622179636567153,17.555442568481975,35.483453055237135,16.455730870507953
2000-07-02,-2.8265777022658316,18.692757493427397,35.09760100524895,16.317779296201586
2000-07-03,-1.7483185488326123,18.337146866744806,35.07111675411083,15.404530762239403
2000-07-04,-2.7044566923501745,18.18615618026768,33.25705545094374,14.072438860615375
2000-07-05,-1.7243855024070571,18.606137022368586,31.378302125558584,13.261570372983806
2000-07-06,-0.8034248391852492,18.89392555107249,32.413967053928054,14.363689766364377
2000-07-07,-0.3578613532599312,19.84545422945763,33.016864943020295,13.608264065090125
2000-07-08,-0.48115865265054913,20.400976367973918,32.164510619563735,14.476736152260692
2000-07-09,-0.06822771234473496,20.384062350663516,32.162701733351916,14.732437202874637
2000-07-10,-0.372924569719842,19.20330372118649,31.371119557871783,13.172226582436094
2000-07-11,-0.6073881534376576,19.374885074866018,32.575899056635535,12.664633972265545
2000-07-12,-0.43335420275487974,21.323688745321924,32.64323705145093,12.05947014199409
2000-07-13,-1.1289817226436325,23.353215117653594,31.60652838338921,11.63522301190168
2000-07-14,-1.2579487380691148,22.06783065761864,31.90331783200887,10.92208147234839
2000-07-15,-1.1094932127094619,20.735212720345718,32.68894766613193,9.812136991514729
2000-07-16,-0.02764062062339545,19.894767866655524,33.51147889079066,11.286572671435914
2000-07-17,-0.2850033758881108,21.4255893339481,33.571617913502664,12.243521887986994
2000-07-18,0.7781737572637297,21.15456615669932,33.72703263865725,10.60228314414438
2000-07-19,1.597313418226216,22.034025160300864,32.730009617096684,11.359370609332734
2000-07-20,0.5970810014713983,21.189550984728783,33.749709061168666,12.574611400290786
2000-07-21,0.0652352873002644,22.20843601692706,35.552096068325746,13.992957149899294
2000-07-22,0.14318289670700163,21.581796837979553,37.1908683321819,13.90807339353854
2000-07-23,-0.7728060227547475,21.50045638704224,38.004735705057605,13.581825551555683
2000-07-24,-1.5957499654945348,19.68900390097835,39.80547039753249,11.859922015497975
2000-07-25,-0.3452819477970017,21.416014584694558,38.13371100185909,11.43905288940688
2000-07-26,1.910733840261846,21.194454021317874,38.748181265121126,11.042279958193301
2000-07-27,1.7065875446154057,23.12888693980561,38.45553093250691,9.164018213794023
2000-07-28,1.890841170043029,23.66644514236603,38.57378788709712,9.262641127030022
2000-07-29,1.974699775798244,21.591444819077296,39.929930925354626,9.191283366027571
2000-07-30,1.763741680303035,20.203497174629383,40.54725399823163,8.660078322013668
2000-07-31,1.0263330238375077,21.54655757255987,40.69821238924417,9.363597647892863
2000-08-01,1.7609069463749112,20.71097064785592,42.15017828034359,9.797943578076628
2000-08-02,3.82431111048927,20.111469855738157,43.11049262392188,9.544303762565972
2000-08-03,3.4647213578217206,18.559515587976893,45.316243399613775,10.36873484848018
2000-08-04,4.40360199712195,17.868708018719655,43.520103728970405,11.2399185837729
2000-08-05,3.7124384766393765,17.09041779967122,42.82134346168919,12.111704540489473
2000-08-06,2.904345014810564,16.03833800335736,43.322321960277804,12.078060782174251
2000-08-07,2.3614125425289854,16.156979182399763,43.745368426092156,13.497876804135585
2000-08-08,1.0330584255847988,16.981872426982637,43.111559906228145,15.801790038059645
2000-08-09,2.0082887251170236,17.610860780066552,41.71767790474454,15.999716976383903
2000-08-10,2.7050909259161253,18.251868663394063,41.339651819023786,18.13935250292445
2000-08-11,3.0869738020222934,18.149153922795513,40.08320040612652,19.73666782175316
2000-08-12,2.1406371128198605,19.015251102334123,40.54497890311057,18.815395533308646
2000-08-13,3.5105396174856787,17.98636295373933,38.36629275587684,18.305614753230635
2000-08-14,3.804565095711515,18.595543255454704,39.95648848611935,18.413684762406834
2000-08-15,4.59215157072305,16.85177740445551,39.45837894011915,17.330466939130343
2000-08-16,5.570975102898297,16.154626173043745,39.64774107961469,17.49702077277254
2000-08-17,5.513398211786824,16.420937082849413,40.236084983849004,17.72355607804771
2000-08-18,5.716309971194546,16.90111059502833,41.621694532723986,17.25617113118653
2000-08-19,5.373130763421771,16.575245067180155,41.67147328510223,16.522192499883168
2000-08-20,6.174448031247671,15.059560384380028,40.464863899819186,16.40447801517913
2000-08-21,7.8601576937710425,15.089651431729317,39.572684205253324,15.20529470911301
2000-08-22,7.26966436747078,15.268886339502322,38.01087840804143,16.88236664025572
2000-08-23,8.937504961264207,15.376319323060654,39.05549251412004,15.778284526902342
2000-08-24,9.936527690964635,16.815931960248854,38.48990171421957,15.758752305195237
2000-08-25,8.98440270223025,17.183690246627553,39.716924523524526,15.776316125202378
2000-08-26,9.054843189196797,18.273755574044188,41.1558277278334,15.131739788192442
2000-08-27,8.376454772903932,17.615440233072114,39.808470121780786,17.45983759929701
2000-08-28,9.13126473100125,16.527006836558563,39.040312444552946,18.306586170166007
2000-08-29,6.558361768649635,14.821609812309708,39.04612721628044,18.91799510742231
2000-08-30,6.619227006674663,16.082907839843525,37.96857337407731,18.533900786172747
2000-08-31,5.846281427864785,15.70519570077024,38.04297838409458,18.78151410574555
2000-09-01,5.414405660164439,14.477784897859328,38.86874977509987,18.094886786403965
2000-09-02,6.065967748527859,14.947062125762331,39.39220276645918,17.89525177080243
2000-09-03,6.462896818244673,15.977708546077011,40.03413236829363,17.47551733100354
2000-09-04,5.89580140618787,17.17295471411555,39.426069840811756,17.02546257964272
2000-09-05,5.846007124675143,18.10809324193655,39.55866077664759,19.078561994272075
2000-09-06,5.884819745610508,17.97840250252321,39.6548950759945,17.201886334116224
2000-09-07,6.580775288484562,17.575074429460443,40.10091228566143,15.658307165206287
2000-09-08,7.125982926740818,16.91337862826031,42.903902441540524,14.94903709037467
2000-09-09,6.829376675279637,16.20791370610326,43.165127576768995,16.991265456592156
2000-09-10,7.920212962372594,16.01424153987291,44.02883582541843,17.009131770291326
2000-09-11,6.802344407581472,14.746244082734588,44.9903044108537,16.919251062373647
2000-09-12,6.431062951617609,15.465510989804727,43.00881982651741,15.161205896536968
2000-09-13,5.392722139485057,14.827642025758891,40.76074256190845,14.833020831426253
2000-09-14,4.6736947624108645,14.512373601649037,39.15545110421908,13.376591650045462
2000-09-15,3.452542306218257,12.658943531838212,38.98374036430398,13.22328022730426
2000-09-16,1.3236381981180845,12.449351966045445,41.333533509881526,13.265222145602026
2000-09-17,1.5155701946930011,11.575896197512751,41.08375859207778,13.59235729978699
2000-09-18,1.7722735535980316,11.9179949757045,40.79063402795261,15.741351739562829
2000-09-19,1.8282640263531946,12.933158389751906,40.055889080826866,15.192333745692064
2000-09-20,1.8057536453544898,12.082660487344489,40.05452278444871,14.688132649152477
2000-09-21,3.780501497603548,12.68861397789152,39.81672536288258,16.03676874614727
2000-09-22,3.753500481046932,10.953162934593331,39.81069017649918,18.98266268878752
2000-09-23,3.5344831256457763,10.541987279281479,41.430054661780225,19.922771721063363
2000-09-24,4.050066044768437,9.974895244655631,38.695058937602234,20.618701260840133
2000-09-25,3.8165638615446422,10.78543120056033,38.18304189199585,19.93624618688832
2000-09-26,4.57818919330133,8.97609891265578,39.14957346057926,18.747949900128553
2000-09-27,3.7895791553405176,8.105832941230561,39.01300773521753,17.86484578156345
2000-09-28,3.9937686682047837,8.678016674107875,40.89136675623778,17.924785440993357
2000-09-29,4.342469441405196,7.785017152476631,40.44722809097513,16.17351004062293
2000-09-30,3.932089559739693,6.450123624180025,38.058108831371,16.079853338896875
2000-10-01,3.7864342644864664,6.377110871940517,38.67916111225489,16.650272932315104
2000-10-02,2.8407274040695603,6.6569147818114525,37.70177267735072,15.783261737551294
2000-10-03,5.02281496318755,7.674436733097226,38.07891003682047,17.450259166063933
2000-10-04,4.4806404866432175,6.95067065902484,37.96851045003282,19.318830689777336
2000-10-05,4.962845043381669,7.332670252730074,37.749398622014745,18.509245246980914
2000-10-06,4.583834196355501,8.78714155768421,35.952026501528245,18.12543423237236
2000-10-07,3.116791054497348,8.274654778420231,35.59869418905955,17.69449414688667
2000-10-08,2.955611848755854,8.157789088246062,33.86752174087119,18.547386562365524
2000-10-09,3.0767428927854183,7.459818047431137,31.619338799902863,19.056803716982106
2000-10-10,4.5687495299850145,6.4116788066128,31.116678644679045,20.84456219062006
2000-10-11,6.212965957969521,6.898675648290813,31.410489145702062,20.66093421385694
2000-10-12,7.861691947543726,5.268733749715544,30.178201469003177,21.067784464610952
2000-10-13,7.248373680175747,7.101152601920895,28.72893048209949,21.126263415863015
2000-10-14,6.94062803901676,6.849079744013579,29.029701308340584,22.028711421196025
2000-10-15,7.200875924024421,4.364023151091935,28.080979687568696,23.191972439043518
2000-10-16,6.909699600355211,3.886815134693914,29.156279375154966,23.194480454022372
2000-10-17,7.517824712991127,3.494216833387508,30.099044626548796,21.722121584469996
2000-10-18,4.827630215463974,3.033248604570545,29.62704933535645,23.120309972497168
2000-10-19,4.821349404255351,3.4023151267123195,29.04017890889029,22.343731150926388
2000-10-20,4.63749418246988,4.334998293509005,28.357345745465043,21.27167888628679
2000-10-21,4.497588266213314,3.772080365708562,26.835055548507565,20.4377617421428
2000-10-22,4.517369772768355,3.114278412697079,28.123247726602063,19.865825213060916
2000-10-23,5.190517574098594,3.438484407296224,29.716348429102972,19.88218520938659
2000-10-24,5.0639728761606335,4.060910132984985,30.095335593739044,21.715118461336857
2000-10-25,3.787624491431941,5.254858934095161,28.803360475822693,22.76954464512102
2000-10-26,3.3918990204358694,5.981089997077385,28.911813971436256,23.763299064816376
2000-10-27,3.5474807020570718,4.346170455320511,28.366840861374286,25.365530875419676
2000-10-28,2.991229254053935,3.5197407297002914,30.222426167752346,24.346649834318224
2000-10-29,3.3690167810134493,3.9978073531399065,32.2030108143514,24.631261539674068
2000-10-30,4.789092189464342,3.0428386572670085,33.3743273754918,24.56931023910885
2000-10-31,5.863989196797825,3.0663233249865995,32.41592799168828,25.2768399518585
2000-11-01,4.269072849204176,3.2174680650169742,33.64371446476989,25.063024303266033
2000-11-02,5.55628844266389,4.3971567421920055,33.58900324770883,26.009653584192257
2000-11-03,6.3473608042489165,4.457050332698622,32.359052269577816,25.783643165913812
2000-11-04,5.704647306034529,4.3485697211993575,31.24701571015588,26.15726055828632
2000-11-05,5.198666341022913,3.5524225452378912,31.371251062032197,26.497699523778017
2000-11-06,5.793793270308762,3.427717376318477,29.784496799166682,25.69038481752784
2000-11-07,6.583293127217114,3.3211927889348267,28.11061422310903,25.9508766950281
2000-11-08,6.366720108173528,4.145747295810234,28.554183065104198,25.07812488427539
2000-11-09,7.246761031738499,4.821958475598654,26.43215837586057,25.628409787512243
2000-11-10,7.330549148615655,4.471809484413782,26.155106780431705,25.445062275526368
2000-11-11,7.666459552132006,4.441654666332401,24.54342365190177,26.41673310827848
2000-11-12,7.256202422290907,3.0021392688778885,26.779540729614794,29.41654565811876
2000-11-13,8.161940738240162,3.915367449536263,28.09502587843527,29.0671310303131
2000-11-14,7.70018970510125,2.6731572966170596,28.302137937369036,28.867917420260405
2000-11-15,7.229571341523537,2.8880731700944793,28.0912362755098,29.417506985880348
2000-11-16,7.69081241954548,1.6882262088585147,29.027163805225545,27.78198562254361
2000-11-17,7.854737451309244,0.7016330597703957,30.379819412943753,28.575622660222468
2000-11-18,7.723823663194993,1.8211376386675084,30.533405966597936,29.32959017175743
2000-11-19,9.124348183192346,2.552117198571402,30.944059824959037,29.233861860055715
2000-11-20,8.51120686408409,2.965865324532263,32.597936605885835,28.435482847203644
2000-11-21,9.026116179029028,2.161660181986933,32.115725952359924,28.423561364628622
2000-11-22,8.191666182724632,2.244156142923685,31.387650968976892,29.029397815986144
2000-11-23,7.193018830739417,1.70165680700174,32.30561969056275,28.094597858319545
2000-11-24,8.39114362566772,2.278842899177429,32.72491905210187,28.685708912779408
2000-11-25,8.536421963937347,2.3510386084367676,32.6701412019688,28.68584394560879
2000-11-26,8.666327458503448,2.6370214276674715,33.57019348813963,30.020442001145575
2000-11-27,8.758701466846341,2.851128342789576,33.59660526583815,29.84556320873886
2000-11-28,9.312921357627745,3.281452928699922,35.04585326780126,29.132339341309233
2000-11-29,10.131535074881263,2.927558930577888,34.31810699244957,28.714152616202522
2000-11-30,11.682902542661258,2.116195335893261,33.968115272749685,28.866487135465682
2000-12-01,9.834024952807017,2.6286173929647534,33.71390178725164,28.670352165719404
2000-12-02,11.10449477830997,2.8483356975274305,35.23530190356443,29.043092415069403
2000-12-03,10.285971821390506,3.2011007524650186,35.83350827650974,28.67854995074284
2000-12-04,10.828695626295525,2.9559024787302137,35.23337895972655,30.352387339560497
2000-12-05,12.105749175480208,1.299625679008407,35.11224300919594,29.24464663320898
2000-12-06,11.617585148504306,0.18079368451450062,34.159337609176674,29.099704141352994
2000-12-07,10.900982092998346,0.39782699941727695,34.3705108432275,28.14960401964769
2000-12-08,11.885470479542048,-0.2365311612077523,34.0415855177229,28.705466552827424
2000-12-09,12.276996822523946,-0.17878053558890786,36.00541974144381,27.90115106258251
2000-12-10,12.220712194765364,0.26640505346498744,36.165722810891054,27.073135176676
2000-12-11,12.597835048021743,-0.196097007550459,34.827435069040405,27.848093281940777
2000-12-12,12.886403325710866,0.6933570006305364,34.85110989858108,27.902794436571522
2000-12-13,13.4715752769273,1.1340134550384102,33.84769090122322,24.568454698698666
2000-12-14,13.42104917748867,-0.9597373806953231,34.8831166325016,23.097000811058376
2000-12-15,13.431064359906905,0.4471057222113848,34.367396184777,22.13910483926067
2000-12-16,13.236213630432157,-0.5141840146550567,32.948886578910276,22.37775009895901
2000-12-17,13.288655262133664,0.14310893646191103,32.7699976797791,22.582278962334904
2000-12-18,13.378767519199911,0.6285895431729844,31.90493754356127,21.832178352689557
2000-12-19,14.13648785693012,1.0305316788881502,32.23602297643077,21.916139898771085
2000-12-20,12.360847719487465,1.0980998845111278,31.190236327753905,22.188747443020834
2000-12-21,13.316311666755691,0.5819354982329279,30.751328560634565,26.00622391667527
2000-12-22,12.356897770650956,1.1629897307956503,30.281591165799124,25.524042621678728
2000-12-23,12.015129332580617,-0.3080704891306989,30.055149077400912,25.517458884019113
2000-12-24,11.588551278514888,-2.307552862478668,30.2604588335605,23.478257634271525
2000-12-25,11.660047313143266,-3.148610330334663,32.120647670017696,22.240927176190265
2000-12-26,13.181637442142296,-3.705019375997384,30.96825770170271,22.31197248660918
2000-12-27,12.981076521206758,-3.4862354350505522,30.23720110788035,23.185962465255177
2000-12-28,11.417754623323324,-1.3793180326470393,29.704578846141597,21.01567377768901
2000-12-29,11.355943943444753,-0.8745273437696769,31.549281463766533,22.129701480538877
2000-12-30,11.826800997141822,-1.452404864228884,31.052292340570613,22.43355386063554
2000-12-31,11.714309025199134,1.5882470406434397,31.009110402328535,23.616903584779223
2001-01-01,14.134392601173694,1.0028045745781473,30.46242585799974,21.935235806618095
2001-01-02,13.169901952484272,1.9484897109836896,30.55211233629707,23.13512166502711
2001-01-03,12.023549149388927,1.8484058674545747,31.74843461562178,24.475093138802773
2001-01-04,11.197197448994336,0.6030709194527168,32.100660311559295,25.697504315650985
2001-01-05,10.899706562566784,-0.1004818601633467,33.372735712272146,26.457750291701863
2001-01-06,8.698169529009636,-0.6844086813109775,33.14661574890478,28.378134292748825
2001-01-07,10.485608856265394,0.023014738824231773,33.238051513768376,29.056147332463453
2001-01-08,13.486168812257418,0.20125495160480128,31.896402859612866,28.763383986562896
2001-01-09,15.246453815776501,-1.8749258774287196,31.92736934186394,28.996591142939927
2001-01-10,15.088743760670633,-2.22023290930129,32.742469024831394,29.75270608334511
2001-01-11,14.623853281757269,-5.343230813633648,33.288425729038245,29.901957723419898
2001-01-12,13.546323867410187,-6.239384309252403,32.384755586566136,29.91512968166973
2001-01-13,14.70056762738071,-5.742817853183288,31.440145927795587,28.68205420467111
2001-01-14,14.950362569568728,-5.971126935253137,30.61133574375269,29.06340511395555
2001-01-15,14.576546771357517,-6.353919678720166,31.59863713492025,29.14446327621357
2001-01-16,15.453225626707415,-4.719604512111827,31.993065843018336,29.18574551040558
2001-01-17,16.143942863342946,-4.962629066049348,30.84688307857836,29.241758363090312
2001-01-18,15.64859623754811,-5.371720321730173,31.375291262491736,28.480376844351767
2001-01-19,17.261176457342774,-5.919994327558679,30.921659561290557,29.785630625810118
2001-01-20,17.35789612452064,-5.056061040058147,30.499659586347747,29.583767119367817
2001-01-21,16.924594631349883,-6.878499766528841,30.767966886362032,29.872953552135243
2001-01-22,16.05201823349797,-7.525266757104075,29.441245577193467,29.442927512140482
2001-01-23,17.12375254032191,-7.097350955057573,30.341852277475493,30.272712412319578
2001-01-24,17.471869949636446,-7.421341608570666,31.490169731776444,29.929138468379673
2001-01-25,15.841932187466611,-8.497092446111903,30.49848922538652,32.40895983206844
2001-01-26,14.45419636829784,-8.97643046759675,29.938686422408846,31.389185315195725
2001-01-27,12.643336110955529,-9.345536806438941,29.80503263176547,31.762080995695285
2001-01-28,12.692969556831764,-10.693488071721987,30.007051019937045,32.05305177747467
2001-01-29,12.687684180219987,-9.746930655625354,31.528009364167144,33.575821619774324
2001-01-30,13.473734005770376,-10.027686617752842,30.87271704232224,33.15971090108472
2001-01-31,12.76832142243535,-8.537274113761164,30.39920575966436,33.675262069190595
2001-02-01,12.482999596537164,-8.984896187581494,28.820172901453585,33.88902502415067
2001-02-02,13.477805307815807,-8.902430550318615,26.837989705799497,34.3745846295322
2001-02-03,13.927871937917834,-7.097077007911348,27.504992427797053,33.67337742491608
2001-02-04,12.52776769704078,-6.257119078468635,28.852255320011103,33.48255614454073
2001-02-05,11.76848104625487,-5.381945758528772,28.28060805407988,32.31459589585552
2001-02-06,10.353798165101603,-5.9706035625430545,29.079171327942486,34.87311770118587
2001-02-07,9.771520036942531,-5.414495798681638,30.079602542130527,33.61432306690736
2001-02-08,9.145180963005606,-5.553380713577592,29.39720160592316,32.75070441396474
2001-02-09,9.113441080043504,-6.4547689913084705,29.484716007965822,30.64166041065742
2001-02-10,8.34958605580015,-7.007409114277056,28.931426696536473,32.59861347208865
2001-02-11,8.857722295244987,-6.589443682543838,28.81194081179577,33.47113513492921
2001-02-12,7.651535595928405,-6.214876899226352,29.43703381193572,33.492886272996465
2001-02-13,8.521278693366654,-5.21577151487343,28.998281594031152,34.37325792274681
2001-02-14,8.316714276772643,-6.101004437770418,28.686812269277112,33.73030819505211
2001-02-15,8.789408937639553,-7.670820651346516,31.414458264448385,34.70958058574292
2001-02-16,9.053678232477147,-8.992341371897544,30.58843522116776,32.851043685221256
2001-02-17,9.803929860722397,-10.996904535421072,32.71288186881083,32.891710712423425
2001-02-18,10.381254294384275,-12.787097735697927,33.45886961821071,34.191193700868965
2001-02-19,9.616742205955758,-12.909262693253133,33.7339105935006,33.09460687724698
2001-02-20,9.31371566101391,-14.120560549064262,34.381228279400005,33.734475339096996
2001-02-21,8.955776981667448,-13.386869500569265,33.607064202132314,32.63466307639241
2001-02-22,7.653800971086438,-13.64432145729135,33.23578666483299,33.84952867816333
2001-02-23,9.017416579198304,-14.372223143248677,35.67499958077183,34.530923366870745
2001-02-24,8.120061425405265,-16.239891282632453,35.95404472190413,35.289437503258945
2001-02-25,7.642985705867052,-18.989595614426122,36.24800077285117,35.81107767764631
2001-02-26,7.0915875096097984,-18.34782327224149,37.52658674792725,34.60858817887526
2001-02-27,8.338768533899731,-18.784815617734502,37.09269671927203,35.56712976311006
2001-02-28,8.768744926953445,-20.155795650914666,35.298273893764794,36.10950441886555
2001-03-01,8.516042694226943,-21.550041597675424,34.74548869026209,34.56195400176581
2001-03-02,8.335724450520399,-21.391105930558897,35.78210387019784,34.884317290155494
2001-03-03,7.635660570917378,-21.27014398186918,36.15648354164771,34.28079898501449
2001-03-04,6.4408949108768,-22.740392799970333,38.41277106528827,33.658984886843704
2001-03-05,6.121529400646006,-24.525934660831513,39.64840140154674,34.98796847171206
2001-03-06,4.634030209076501,-24.288966202213516,37.71281183435284,34.51729670547065
2001-03-07,4.299307557154237,-23.565310610628664,36.604647834485036,33.50388697897905
2001-03-08,5.139946296934018,-23.93915032972507,35.987484301351564,33.33312506443629
2001-03-09,5.247442498877217,-23.678009521190617,34.77824410332403,31.815556493143113
2001-03-10,6.217837072042548,-21.69104602906122,33.81977287206404,32.40068952998598
2001-03-11,7.271565074389182,-22.33618503914464,34.98012407216863,32.18784429145878
2001-03-12,7.539140890617369,-22.01750197063749,35.45737626628664,30.830002514268283
2001-03-13,7.381421515650093,-23.262687413550115,37.130581218625274,29.787125305559538
2001-03-14,7.732564349557693,-23.21918889514932,35.58409346593175,29.04553040534687
2001-03-15,6.514813371847258,-23.901584966901115,35.13659583308743,27.67481300690097
2001-03-16,5.940326045000675,-24.68871370998625,36.28655214413762,28.55901392425388
2001-03-17,7.329819478694443,-25.140632401715347,35.78283529113188,27.318213995728378
2001-03-18,8.872423790242276,-24.497238407517887,34.2572903806717,26.449048098800738
2001-03-19,8.68028539049478,-24.26362172909802,34.24581183101243,26.522440702313936
2001-03-20,6.753787020623983,-24.4453876506931,33.43392113973309,27.789766600596558
2001-03-21,7.461982562606291,-24.499853524750034,35.01444616118782,27.513168496275885
2001-03-22,7.467951824862295,-24.681464312662303,35.33733720511265,26.916918341693094
2001-03-23,5.795080118014684,-24.126588017695052,35.0178264768532,27.218954262316288
2001-03-24,4.395811001024741,-24.11406456788589,34.77328713329097,25.266231908620497
2001-03-25,3.396048855170186,-25.304272700187994,34.56951106070061,26.32943434571716
2001-03-26,2.7176319783599796,-25.975767527953312,34.719737278850864,27.332710762180675
2001-03-27,3.802767162970194,-27.017026298907055,34.70213951576823,25.543794345954122
2001-03-28,2.621463573416139,-25.396810091599892,32.959095998517334,26.830497087753233
2001-03-29,4.222255475714339,-25.674607375750327,32.456452607166476,27.176795170465326
2001-03-30,5.6662723052149975,-27.305071429258586,30.849815226441212,28.89393969834096
2001-03-31,4.332104610929314,-26.87429576070151,30.9578549737364,29.158843728726836
2001-04-01,4.759135585258764,-27.510948853248806,31.473646303342136,28.516361927365885
2001-04-02,3.2281641145040867,-26.842918601505332,31.638828773139313,27.97993938855433
2001-04-03,1.39948440846283,-26.419465986455883,31.00252451651869,27.466578667171223
2001-04-04,0.18152528457816874,-27.08121436585301,32.3139735479426,27.960155323896792
2001-04-05,1.8311933381368999,-27.064239312046674,35.44073361698275,27.218255725469977
2001-04-06,1.455150750882105,-28.426240317515738,35.445439759588496,28.0916485112191
2001-04-07,1.669086838548812,-26.03156160014941,34.164280658363815,27.127250321257748
2001-04-08,1.150987248342647,-25.95966523118404,32.98731645787997,26.905466999762943
2001-04-09,2.6020823778159707,-25.02275402840691,34.21831336208963,26.89276816107654
2001-04-10,2.498273810962512,-22.448158679184296,35.52575313347274,28.41215602407828
2001-04-11,2.546952604797219,-21.884798518208637,35.45108356408449,27.045689133719783
2001-04-12,3.4365072676458,-21.154504391269892,35.65704601305447,26.87894396476403
2001-04-13,5.0074914783132005,-23.36537007193616,36.20824085061983,25.792793574302472
2001-04-14,4.549012411135871,-22.17270811421425,36.00277590684141,25.1463828644212
2001-04-15,4.783876527432872,-22.766935534000222,36.681299792089426,25.966298736200905
2001-04-16,4.6623471761948405,-23.725256669181753,35.069348089832935,26.057449586914746
2001-04-17,2.4831419914690844,-22.36105811606687,34.41087401085972,27.06239750316305
2001-04-18,3.238395090602213,-22.729735679324225,34.84462346392742,26.556851242016922
2001-04-19,4.208465850122451,-22.226475017451506,34.1603497376791,27.5234113794187
2001-04-20,4.160501713986361,-22.49387815311251,32.68807444716731,28.84069518869263
2001-04-21,2.979664674576022,-22.004442270391124,31.614055918267265,28.46282779262212
2001-04-22,2.8558929664377875,-21.16195562588784,32.670248801051194,28.176159848679838
2001-04-23,2.963985027954743,-20.341718174609458,31.029396511213463,28.732085540041602
2001-04-24,4.303793110568484,-20.618868809798858,31.05759442282087,27.82226642260422
2001-04-25,3.9545621643206443,-20.222042255797117,30.701601596624396,28.992403352661867
2001-04-26,3.899988421534752,-19.09598509810077,29.578547545068414,30.547499261861923
2001-04-27,2.28549565854845,-17.694149326626444,29.078284406261332,30.393450441056473
2001-04-28,2.9759657024829194,-18.015303735145586,31.471171288323937,33.66363957910713
2001-04-29,1.7372884878927557,-19.982004205919335,32.24761566422888,33.95598628860892
2001-04-30,0.12070224356154236,-21.288683105178336,29.983533150431796,34.67614667054726
2001-05-01,-0.20989117264285245,-20.35181656611615,31.275926969760675,34.031773861834
2001-05-02,-0.48000684603787075,-20.38532373208108,31.868563115070636,33.02878313025756
2001-05-03,-2.7981651609527156,-20.886113051257638,31.43009984302494,32.98458066235751
2001-05-04,-5.303672726621178,-22.273193470774736,31.81859404180443,32.480204133732705
2001-05-05,-6.216327578516426,-21.22185853926915,33.106146043583195,34.03487134133245
2001-05-06,-6.689746300364225,-21.960466128115762,31.83047922561393,32.4346059822463
2001-05-07,-6.338330351998047,-20.433052033382207,33.53406615935938,32.38242819865806
2001-05-08,-6.882281436415796,-21.684299115510484,32.240872980060665,33.71729121278601
2001-05-09,-7.321106816633366,-22.725147569821374,33.9170436093315,36.39987068274671
2001-05-10,-8.839573526349303,-25.56743124898818,34.4280618344004,38.50777593456315
2001-05-11,-9.85198484062972,-25.049344968339877,34.92057968418106,39.46799883069248
2001-05-12,-11.572916124921761,-24.168269945614586,36.31232699658404,39.0476255326775
2001-05-13,-12.325243804123255,-23.401905953868937,36.19958212594925,38.59288127807731
2001-05-14,-12.366905867279533,-21.88560725025448,38.15540345340464,40.07602440704312
2001-05-15,-10.413004258124944,-22.115027463623573,39.0282310367632,40.046825892186035
2001-05-16,-11.421443402483565,-21.952414228986136,38.90767208317749,39.735036218884304
2001-05-17,-10.834151114013082,-22.52621767245075,36.79584319274734,40.19477345362731
2001-05-18,-11.542790340883894,-23.766627139939025,36.66651191780209,40.847253159498315
2001-05-19,-11.942800927954897,-24.77292486082321,36.39611836152444,38.570974825400626
2001-05-20,-12.343151510363215,-25.05596369563584,35.322591484053625,39.04974745661686
2001-05-21,-12.808433807585939,-22.357316281315573,34.9032259574592,39.43161646301862
2001-05-22,-11.708321681800054,-20.29728264404698,33.53193104150097,39.22634677954379
2001-05-23,-10.051645971371716,-20.59444587335665,32.347757598463744,37.80559341836374
2001-05-24,-10.755205134565646,-20.758390479614285,32.142297513229565,37.38219670804848
2001-05-25,-10.559737341519954,-20.929669067259947,33.017984655445844,37.32861067532911
2001-05-26,-10.624552064901945,-20.67114166540203,32.36597650707935,36.91283921733324
2001-05-27,-10.954533439645651,-21.51632436343131,31.928800157103083,36.521331956789496
2001-05-28,-10.76765888865095,-19.629580467774826,32.93771504124738,37.542215883894855
2001-05-29,-8.498100307412303,-19.451165649712944,33.59790470180377,34.35229177935721
2001-05-30,-7.229625129670492,-19.181395205895637,32.02826159428868,34.11036182079347
2001-05-31,-7.906992564640136,-18.52595038282469,32.021656026374764,32.438468621140196
2001-06-01,-8.229070494909571,-19.175571778944906,30.943251601781235,32.150863639668714
2001-06-02,-6.562852499765455,-20.040252930776397,32.06392804215299,31.9778295431522
2001-06-03,-7.217647607710732,-20.40920062105848,32.836820145171515,32.94502703323415
2001-06-04,-8.68221695735455,-20.798171052710728,33.89196672617146,31.99675580033704
2001-06-05,-8.11041904267501,-20.745690964682197,34.65858208384769,30.493881107399922
2001-06-06,-9.645411652002581,-21.075685588500566,34.99185136497245,31.83768308094306
2001-06-07,-8.683830437594628,-19.672817942328614,34.733661781863226,32.350593178377785
2001-06-08,-7.748482997011436,-19.882818192753426,36.96657314719175,31.659468618385496
2001-06-09,-8.180510360481776,-20.130309354585773,36.19667752091343,30.861768025901416
2001-06-10,-9.342161937718267,-20.63917373432692,38.18361716983715,31.61336386823315
2001-06-11,-10.271261673245913,-20.5408342797786,39.80104974737238,32.59454987375053
2001-06-12,-9.730263145124315,-18.816848574841995,40.04268648232553,33.628357523115
2001-06-13,-11.380519489928972,-19.004060983517203,38.01027636814017,36.796512222977206
2001-06-14,-12.033206971293641,-18.70788882834191,39.27642201177694,35.36198069722928
2001-06-15,-10.75570344579993,-19.8774768420983,39.44863036041407,34.51711346429895
2001-06-16,-9.058901211112497,-21.22791784450301,37.820459686616374,34.7461780534734
2001-06-17,-8.164474416508408,-22.45791577533182,36.89417177801964,34.53729492151272
2001-06-18,-8.099612003304234,-21.659402262029204,37.98200008468529,34.75409208817871
2001-06-19,-6.495642313189087,-21.17540837891526,38.27054917750063,33.34033306294493
2001-06-20,-4.947124753818969,-22.245386699985964,37.740955965503034,34.63424890291684
2001-06-21,-3.6262882587795304,-21.8801138465056,38.22119815663112,32.14300991321523
2001-06-22,-4.731459115672562,-21.842250197801015,38.539521114143845,33.053283531235685
2001-06-23,-4.908771037738152,-22.268582356070496,38.652037435667665,34.656365755491024
2001-06-24,-5.4661847210942875,-20.8693784890667,36.93785703472384,32.06564592446902
2001-06-25,-7.836145988449975,-22.202831945352067,37.17971837398722,32.352339097381346
2001-06-26,-6.98742834748138,-21.577120543914713,37.47906069626314,34.03686404302671
2001-06-27,-6.415445716573853,-22.116266990386382,37.044839146556725,33.71656470526488
2001-06-28,-6.06492305953867,-22.22322190405345,38.28003834957241,34.54035549726529
2001-06-29,-5.67425294677046,-21.9589698312969,37.6294678232339,32.48188590753313
2001-06-30,-6.0736485234186315,-22.556184761338418,37.82376835894698,33.1028263660391
2001-07-01,-6.4133048810443585,-21.783776831555215,35.72647316146349,33.149897061108845
2001-07-02,-7.665178951140576,-20.81707070736548,36.21152669737472,34.37120470786618
2001-07-03,-7.182972231211364,-19.196637780262154,36.06864223264026,35.49999264364031
2001-07-04,-6.663303303576912,-19.33208359788722,35.70162298440405,36.54696597191027
2001-07-05,-7.105211968375474,-18.66584835574125,37.3359240438798,37.64714120714823
2001-07-06,-7.637266559702707,-18.75866381094088,37.448291448024655,37.67104386622403
2001-07-07,-7.6157422037109335,-19.30087306324034,36.10664927824294,36.583615100634496
2001-07-08,-8.277754529082733,-20.7548557817145,35.2059079519844,36.37789323128203
2001-07-09,-8.003363279376169,-20.359524853639847,33.61150847763226,35.33088720365554
2001-07-10,-8.324528225555902,-23.159179663642746,31.949143170121793,35.844251610910696
2001-07-11,-9.3392211032171,-22.39672638326596,32.23066225520236,37.1208753320994
2001-07-12,-10.859391887806542,-21.69588854578481,33.28146917750968,36.3397524929777
2001-07-13,-10.782865297212771,-21.572673485392343,33.57942909705178,37.57156602086049
2001-07-14,-10.360890828061967,-22.06116735271944,32.23786018562554,37.49590428797044
2001-07-15,-9.403946413654399,-23.843754803053436,31.407110403983513,37.11942978718724
2001-07-16,-9.074802081010205,-23.428518765593832,29.834771495286418,37.785209212350935
2001-07-17,-10.247352898596201,-22.846140912960056,29.147882298911515,37.45923264306019
2001-07-18,-10.176800542646,-23.947053338134403,29.550500013337153,37.73471560518314
2001-07-19,-8.950752870815418,-24.49268484293945,29.58503346983829,39.386233727309715
2001-07-20,-8.690795622271896,-25.659347500128362,30.98481630568804,38.25768595241006
2001-07-21,-10.032138561507448,-26.074597161680675,31.143873983392997,38.5820922189754
2001-07-22,-10.965758516951889,-25.73154444535678,31.70304295325823,38.97819121464174
2001-07-23,-9.601146161239118,-25.868190914468823,32.497699093927395,39.65228601304702
2001-07-24,-9.24637435606248,-26.3134102520837,32.62864016362566,39.24749528203806
2001-07-25,-8.532231281092386,-26.465891404173956,33.31662844257038,40.18751754304964
2001-07-26,-10.13176162294884,-24.950778894130462,31.635339526368718,39.69943891050625
2001-07-27,-9.927029839548831,-26.73932988494353,32.36096485004451,40.15119296898589
2001-07-28,-10.602671373032875,-27.836653918796067,32.331298168135305,40.3710267649189
2001-07-29,-9.461421468979236,-26.96520044644573,32.90691726000912,40.83252088083316
2001-07-30,-10.090702179625186,-25.790814418419004,33.59097593305915,41.305985552995885
2001-07-31,-10.367204152433198,-26.24968590178528,33.48243129606152,39.862641521987605
2001-08-01,-10.59276709876119,-25.470232340561836,32.589188740301054,41.10190477537861
2001-08-02,-11.335997238796185,-23.762176997721294,31.619204375540793,42.28430432541736
2001-08-03,-10.34136684288829,-23.745980440819352,30.803628999955542,41.68948273335417
2001-08-04,-9.28895593768405,-24.69413548452287,30.396683845766702,42.98922069683454
2001-08-05,-9.933486634772914,-23.57098345755895,30.970809125747206,40.65649430853886
2001-08-06,-9.344102821752724,-23.51477189724728,30.47880003951171,42.531260036663745
2001-08-07,-9.845256636172154,-22.83741872969059,32.073713469931654,41.84646771510579
2001-08-08,-10.245716665465432,-22.872975173963628,31.215837083464734,41.13390053650291
2001-08-09,-10.310055768190844,-23.761284142509478,30.896376473778762,40.904089738961524
2001-08-10,-9.88397912320875,-23.715206217015794,29.952791984336336,41.09650222072173
2001-08-11,-9.890979446158765,-24.614273991133533,30.77962454824966,41.69895925892313
2001-08-12,-11.000527612705838,-25.852064651737784,30.680263011705833,42.84116526577093
2001-08-13,-11.759159070303827,-25.818481345416146,30.531264792549266,42.49505509565951
2001-08-14,-12.619716491500924,-26.490999141398017,30.626813288055168,42.31436458029185
2001-08-15,-13.070819581676371,-25.542238702307273,29.246925822699513,40.812952830360075
2001-08-16,-12.466244875273755,-26.028404196558693,27.468882959426022,42.69093390882595
2001-08-17,-12.135496706949942,-24.805838555955575,27.127187901051013,43.06536396378012
2001-08-18,-11.85349736774467,-25.04693539703443,27.622311386107146,41.689812527562154
2001-08-19,-10.592457499364345,-25.722665247491673,26.22818051113254,40.60784273477465
2001-08-20,-11.693294114722226,-25.529913412493862,26.851662671552806,41.35139065276641
2001-08-21,-10.005437026646991,-24.25505580720209,26.866468339968304,41.284704166045564
2001-08-22,-8.932240113547824,-24.131760507144833,25.229466367045305,41.28646810413571
2001-08-23,-7.318531984590353,-24.62753315352791,25.562430408358416,41.5214352033207
2001-08-24,-8.370069480591987,-24.50512932769174,24.690782013228265,42.864441288267464
2001-08-25,-8.025962787235196,-25.17216636465158,22.558901191562253,44.56665042444956
2001-08-26,-7.802582155863307,-25.313434004648162,22.58700164974484,45.67394519873393
2001-08-27,-7.790998818650689,-25.75556699507425,21.614126623828028,45.78594110898275
2001-08-28,-8.314022400043024,-25.76825611908733,20.904143426224966,47.13139019455004
2001-08-29,-8.41803618340692,-25.884579026382873,21.878902522290332,46.024537802881994
2001-08-30,-6.180111656764104,-27.778101512238383,23.41950293708955,46.832282201124116
2001-08-31,-6.9744028391161015,-26.64175208544733,23.501233201973434,48.19267530216698
2001-09-01,-7.205404138199176,-26.746127975084065,22.694533222595798,47.32536957672579
2001-09-02,-8.003286258570673,-25.133539960643237,21.274049710336048,45.451882481983105
2001-09-03,-9.62252518476748,-25.722513604798124,22.531673386756363,45.81525458191659
2001-09-04,-10.492535089479695,-25.223622863813347,23.642298963642006,45.37365259161134
2001-09-05,-10.531045735880278,-27.06823692831848,21.45825584319668,44.6455980870231
2001-09-06,-9.365887577188262,-29.248103885997605,22.23368134034384,44.3216626561164
2001-09-07,-9.399788847616694,-27.120857230747582,22.3030421455589,44.2018769260188
2001-09-08,-9.795568914159137,-27.03614285861598,21.39731534350719,43.71192261448837
2001-09-09,-9.152166024947137,-26.868629759799305,22.072856852203216,43.52684673275394
2001-09-10,-10.563162136802555,-27.3632376587764,22.869127374923288,43.003297896737266
2001-09-11,-10.73692687836704,-25.824698419008058,22.85496237596926,43.795421917411616
2001-09-12,-11.366212984981937,-26.109971092296888,25.059662239265034,43.56071094179952
2001-09-13,-10.57821246217724,-25.13626952146816,24.32780935029161,43.231129325710526
2001-09-14,-10.241308424305197,-23.358841444979248,23.681172679464527,43.57990390212622
2001-09-15,-10.55676151044775,-24.26139026602689,20.861529026103383,45.29286408670268
2001-09-16,-10.932714363573101,-24.946721663058906,19.413177771171817,45.6390934198793
2001-09-17,-10.48564410738814,-24.486198513686595,19.6762546825476,43.651341284162804
2001-09-18,-10.757967353456536,-24.311052386737472,20.12439598687688,42.24122616206906
2001-09-19,-11.215248451992563,-23.361657734402,21.235298732298936,43.49168118403217
2001-09-20,-13.475417022144251,-23.05655320580943,20.581327094150627,42.94191775448907
2001-09-21,-12.689777495886212,-25.112671971055043,23.128223298434094,43.08545081550136
2001-09-22,-13.589042030237435,-25.45313793818902,24.106530265632696,44.82214182493124
2001-09-23,-11.627793220208197,-25.444141192135326,23.852346200469995,45.013233022875674
2001-09-24,-11.869057416281587,-24.68502833529727,22.66640346330091,44.7689036916868
2001-09-25,-12.29491970204227,-25.087767924547517,23.558319202962508,44.66273415520412
2001-09-26,-11.693530647918788,-24.738093202174227,24.746538834962593,44.833210711806444
2001-09-27,-10.846737085418019,-25.27484449029923,23.683706566594715,43.409485300604885
2001-09-28,-9.413887441573655,-25.230358306476628,24.924368661148783,43.36144963940177
2001-09-29,-10.339030887097831,-24.910892590569343,25.070296611183814,41.990581074253775
2001-09-30,-10.871027548988296,-25.330706354931728,25.0286766875422,40.2728851059422
2001-10-01,-11.220311582532446,-25.722869590289882,25.450872783300056,39.71817426698887
2001-10-02,-11.390281523482914,-26.99801813410091,25.248596631844944,39.673812900885906
2001-10-03,-11.70680797397083,-26.203626626964457,24.38267525123249,39.96388158138157
2001-10-04,-12.841176865540715,-25.42528614290931,23.786465256781582,40.32847160397356
2001-10-05,-12.093736111036574,-25.72271591587716,22.43935622141332,40.50272798385074
2001-10-06,-12.942272202902611,-26.4386026496667,23.0772320941921,42.59840308759168
2001-10-07,-13.23835471394204,-26.212275545962086,23.171617449633526,44.13446770053587
2001-10-08,-12.429706668695564,-28.55947027890294,22.58456913191012,42.99819383188964
2001-10-09,-12.121022272904954,-28.83465334797231,22.28891890622282,43.59495610404042
2001-10-10,-12.995236070080852,-31.22672254717207,21.49884156750137,42.373994178107736
2001-10-11,-14.609441326861338,-30.280057452495342,21.25855723483139,39.49027138819032
2001-10-12,-15.013986875721406,-31.81840581970608,21.687681483854664,39.04940145707412
2001-10-13,-12.867607269855677,-28.864660244370093,22.072178233885,40.02133846051059
2001-10-14,-11.907492221844281,-28.701163132854695,21.110294140305495,40.5529426023122
2001-10-15,-12.910406022923624,-28.52628911827696,19.892192000000488,39.727231034202724
2001-10-16,-13.201681972217262,-27.924540524467986,20.024676706814247,38.53476378944373
2001-10-17,-12.065137703789171,-26.983495479525082,19.477473953386017,38.90207748210159
2001-10-18,-11.540217697267149,-27.635733032682666,20.89713753452402,39.68945460979562
2001-10-19,-12.526298469278863,-29.05505282578418,22.53032646996681,39.41137335382893
2001-10-20,-13.571253993268659,-29.149545892501084,22.102871262817043,39.15023225517303
2001-10-21,-11.952745149266256,-29.493810816469182,20.89441301860485,40.13444185248636
2001-10-22,-11.663186033107527,-30.598769294934925,20.881616817052144,41.06687898936379
2001-10-23,-12.393994624196248,-31.877176371244335,22.05162101659415,42.97182906010082
2001-10-24,-12.09379733964644,-32.518994540931814,20.809544167358542,43.28039218606427
2001-10-25,-11.586956443188143,-32.48133355641691,23.018594174718878,43.24427849765476
2001-10-26,-10.674094175849055,-31.707347636741087,22.225695708209244,42.54055932824615
2001-10-27,-12.290072901729697,-32.90187773955383,22.250941381216457,42.21973952805161
2001-10-28,-13.172455668606974,-33.78381075553562,23.854546406607966,41.70181508740767
2001-10-29,-15.146158844408957,-33.7254692008871,24.561131083772082,40.8070531994227
2001-10-30,-13.917471215924227,-34.14293120851894,24.49571577256563,41.172991602390724
2001-10-31,-14.705310724979697,-34.2205636804303,23.257457276256936,41.51393223104391
2001-11-01,-15.125678093053482,-34.00504707509621,23.117054114547837,40.18142648278167
2001-11-02,-12.452931014395569,-35.50952383507768,23.18783505496578,40.7150778155279
2001-11-03,-13.284665562851147,-35.67708303608396,23.119314576983385,41.28060804050385
2001-11-04,-13.978425258084929,-35.719212139774385,23.174864864393665,39.357877438368334
2001-11-05,-13.99215308129616,-38.59236194756474,23.66977589763145,40.46742848686513
2001-11-06,-13.33297371431124,-38.78683596212899,23.3871704831508,40.97964641119455
2001-11-07,-12.375815343283696,-38.111982528903496,23.98463575336849,40.8910624453163
2001-11-08,-13.461751462780061,-36.86692010224735,23.904822439141395,42.706129150147596
2001-11-09,-14.188574153218942,-36.89322149299377,25.29141384004617,42.47771782761862
2001-11-10,-15.073225944410018,-37.561282105563265,26.4110596203531,42.83462578698894
2001-11-11,-15.750493545550215,-37.66814355958846,26.347542508696,43.52939857473966
2001-11-12,-16.499219853289407,-36.945370951653665,27.08631464974504,42.824438194222864
2001-11-13,-16.55957188895746,-37.57723793925632,25.782780307393175,42.85294799519594
2001-11-14,-16.507119027043498,-36.67523572357956,25.047324397947456,42.73915723185593
2001-11-15,-17.07105828969769,-37.777306274719564,26.019992477323978,41.97035315424598
2001-11-16,-17.154308354535523,-37.69569546763586,24.584818744106826,41.933447510845625
2001-11-17,-16.52564681000487,-38.920118173185905,24.33792285421404,42.10859362083389
2001-11-18,-16.10886443673427,-38.2567242076716,23.751534523845375,41.83266894036792
2001-11-19,-14.597033743200111,-38.804600855942134,23.406232498232416,39.174263837229766
2001-11-20,-13.303966726331634,-37.426323867093615,23.021782468059918,39.98013151930737
2001-11-21,-12.061687764706303,-38.65276313181726,22.673466558509713,40.96787487529367
2001-11-22,-11.766234273793897,-37.77894830810357,23.876824165692724,41.648245773596614
2001-11-23,-10.798786330649406,-36.12951715496764,24.009323123138607,42.11306593235971
2001-11-24,-11.675162127309424,-36.899426582019494,24.033174844266895,44.011729678250504
2001-11-25,-12.654327168012623,-36.857141566337106,22.228410425523094,43.537021288524976
2001-11-26,-12.825957856698587,-35.1089452707298,22.59863912678913,43.75924520797487
2001-11-27,-11.334705492908505,-35.843146321904925,22.484113475953492,45.30619374496763
2001-11-28,-11.504440463372294,-37.017438172978736,22.07158075071283,44.1350791297981
2001-11-29,-11.754479849538331,-37.00341516271087,20.569328656853045,44.66160496342031
2001-11-30,-11.315898988937539,-35.86578612993208,20.902192895398564,44.68685341495394
2001-12-01,-10.203603496229235,-36.30789124330644,19.837293231769756,45.62005966765627
2001-12-02,-12.253607872927727,-33.5668309283555,19.499672791605796,44.86076485858405
2001-12-03,-12.125829028608305,-32.17311826902081,19.87385771445506,45.29871099307918
2001-12-04,-11.146542480079562,-34.09208847149972,20.189796197649933,44.86847834845484
2001-12-05,-10.624517667517825,-33.248904980916166,18.69493090749281,44.78564282011665
2001-12-06,-12.649498643838314,-33.28093094712552,19.659475053234903,44.95022787941395
2001-12-07,-13.8927906585473,-33.79810152805722,19.68082157488948,44.69040399833757
2001-12-08,-14.971462544330066,-33.22506078765411,19.272555379484576,43.51460243361387
2001-12-09,-15.603760195005082,-33.92325793930109,18.83061942119721,43.987052511732365
2001-12-10,-17.252838428776897,-33.8415957025053,18.525857118963266,45.66652495523105
2001-12-11,-15.92714417948557,-34.44466591703792,18.888166030789748,45.90908352958494
2001-12-12,-16.61800959261562,-33.37916233155009,17.671150792554005,47.13532149180694
2001-12-13,-16.547008788062712,-34.21589731666523,18.428353042291068,46.569397823362024
2001-12-14,-18.065190468922147,-35.57526120866077,18.381735871998675,47.70526158442799
2001-12-15,-20.04922556186389,-34.71179034450215,17.471440054186477,48.7675923723966
2001-12-16,-21.08195618543379,-35.03331703517956,17.86197460965252,50.13754613038388
2001-12-17,-21.688504674506195,-33.55326222435261,18.135370631886282,49.98749535042118
2001-12-18,-21.72297934493756,-35.034717069670194,17.93548459720483,50.59899112403817
2001-12-19,-20.745816551685493,-35.418208620500586,18.06549250582953,50.41293065005116
2001-12-20,-22.48641762895938,-35.08471603195233,20.469263603768105,50.50283703848557
2001-12-21,-22.110938348387222,-33.953803181659296,20.160503109775323,50.80981651783434
2001-12-22,-21.629626209062007,-34.96451683997573,20.493216706783123,50.451310825725656
2001-12-23,-21.722496685703362,-36.45249447107988,21.47335328095581,51.504341760207815
2001-12-24,-21.211402335812437,-36.697016736730184,20.31121442979663,52.7616095452795
2001-12-25,-20.930350262614947,-35.70507078937062,19.80152639799569,52.190826869964916
2001-12-26,-20.839950304216476,-35.58977877493185,19.7520313215371,52.74024047151207
2001-12-27,-22.388536192650584,-35.05627165464532,20.13019093286986,53.86574359985832
2001-12-28,-24.110404663657604,-36.0491156118669,20.77003080811337,52.9654275797551
2001-12-29,-24.206031822758465,-36.618772902569724,19.697242936094415,54.41831856820378
2001-12-30,-25.497894484426652,-36.863578391688,18.73378234732413,53.77720760318201
2001-12-31,-24.40096783610496,-35.64525464109724,18.05558292414282,52.93174963202305
2002-01-01,-23.976399917344914,-34.40905812334891,18.083858092369127,52.00013078168255
2002-01-02,-24.38954636173236,-34.387175671601426,19.51866096157127,51.25248379848736
2002-01-03,-24.740388457247036,-33.45332583515746,19.904700331552476,51.66550739751479
2002-01-04,-24.46105838235443,-30.967380950627962,21.457418799266996,49.98495769204913
2002-01-05,-24.086840449232195,-30.391275144807512,20.548364401033407,50.86526969358523
2002-01-06,-24.564000104867333,-29.457629436219914,19.89714786770439,49.94524953305722
2002-01-07,-23.954073147189284,-27.380580083287796,20.497473359083184,50.15779255461946
2002-01-08,-23.76575889212475,-26.84042848624355,19.880684278442992,49.07162757446458
2002-01-09,-23.023266367889587,-26.51561943816134,21.550752376620377,49.081273543215865
2002-01-10,-23.37742740919864,-27.217180197525668,21.58508295489694,49.09269069285047
2002-01-11,-24.26108662210483,-26.095591341064267,21.72675704127389,50.0979111901034
2002-01-12,-24.730259378095724,-24.957056912995007,22.851416451953053,50.427814659121935
2002-01-13,-25.375850216255532,-22.536126455517657,23.04764696959747,51.066990776338095
2002-01-14,-25.93341798915378,-23.24034429481736,22.642061637865723,49.93863965817855
2002-01-15,-26.577890844513114,-22.749525161237354,24.29658258311877,52.31742024769446
2002-01-16,-26.338906120042576,-22.077358144452777,25.349537964964874,52.48777087755025
2002-01-17,-26.626824826003794,-20.81549569893629,26.170189515072117,51.32870661705376
2002-01-18,-26.719352458600635,-21.12356618175027,27.533199545339198,51.82979417255804
2002-01-19,-26.43255638330663,-21.16768578431206,27.098195380820137,52.376344133683375
2002-01-20,-26.854651031200973,-21.548364513049506,28.263637523751004,53.172101990274996
2002-01-21,-29.55284589063523,-23.081691627930116,27.30000203575901,51.1505360247803
2002-01-22,-31.323213425863802,-22.542539469052844,28.068661099333713,52.168392761929056
2002-01-23,-30.92385916722968,-22.221330976504888,28.65497991904869,53.36414397931717
2002-01-24,-30.923515227742318,-23.57777484766214,29.925624257784428,51.43432161307202
2002-01-25,-30.295285723252267,-22.544799681577903,30.48447262143223,50.19007444861347
2002-01-26,-31.15398131550199,-22.514101347350714,28.810472718966725,50.243285313638275
2002-01-27,-28.947528736947845,-21.82432511370669,28.53775949994904,51.41319107761677
2002-01-28,-27.815828406736966,-22.311088169288194,28.828983973954653,52.45034217475412
2002-01-29,-28.588858092202344,-23.364698830113117,29.856634963522097,52.06653446739192
2002-01-30,-29.646770547078837,-22.900006761970335,30.229280452814766,51.83034167812927
2002-01-31,-30.595770540220688,-23.382439544058677,32.49600864109589,52.176106950798555
2002-02-01,-31.643408899280903,-25.128957068136906,32.442512310457715,50.87390462872177
2002-02-02,-29.86360563723149,-24.826703902789127,31.962253553598046,50.02531554394932
2002-02-03,-28.935019409631376,-24.556689190462365,30.146125068074927,49.976454375012175
2002-02-04,-28.45098189034875,-23.550902196396972,29.73712936718758,48.84492500377458
2002-02-05,-28.887822544848337,-22.167879344909593,30.85075892277363,50.05533767039799
2002-02-06,-28.62354432983153,-21.463966612297483,31.65712425896073,48.73140205721965
2002-02-07,-29.264519463199115,-21.995328857342166,34.02981905262387,51.01761698402047
2002-02-08,-27.359294370682473,-21.65807640737956,32.9231972511569,50.570127258758106
2002-02-09,-28.57398824308505,-22.85061281296022,32.137739605154806,49.16930459172407
2002-02-10,-26.481448646811526,-25.17725003998997,32.84364411843636,49.42047257096797
2002-02-11,-26.604228426192925,-23.427564419951704,30.724503406284697,49.60094699411548
2002-02-12,-26.750863150159965,-22.182092698492003,30.489912830347,48.23626850306956
2002-02-13,-27.230526514984213,-23.541722707042027,28.431625093625172,48.27705966406619
2002-02-14,-27.274424089219472,-23.134277217341687,27.283852642927144,49.66213107894839
2002-02-15,-25.682567671763938,-25.380557877305602,25.349127517067863,50.251044141833525
2002-02-16,-25.394868075008247,-26.626391852559607,25.89532899424364,49.49221791997902
2002-02-17,-26.608335200931347,-26.887940973336,24.789537171768647,49.33641538966076
2002-02-18,-27.031925126534215,-25.855788986812236,23.49382324533086,48.95744784065529
2002-02-19,-27.02569498300067,-25.993594288010836,24.193029325603714,48.159946816516594
2002-02-20,-27.251640748029942,-25.35577732902048,23.879212367921006,47.11300590014296
2002-02-21,-27.599868719722714,-26.101299169996338,24.0051762251843,47.62287185882563
2002-02-22,-28.38362856866867,-25.842577058359407,23.941424127714082,48.30719062868522
2002-02-23,-27.571156266523666,-26.664555275490553,22.130980269982196,47.11452549533829
2002-02-24,-26.98092435456499,-26.554382107480777,22.092947536817366,46.97762305626906
2002-02-25,-26.649139868716176,-26.788941413918394,21.927072761229642,46.17106608166811
2002-02-26,-27.11009848213534,-26.248243073927107,21.413859349001147,46.402375706275606
2002-02-27,-26.166973955881318,-26.65559676369409,22.830229903322675,47.82712381176618
2002-02-28,-25.229518686072577,-26.989200286536345,22.795333207784473,48.682818088994665
2002-03-01,-24.046285670941785,-26.71312934922494,22.88452536251403,48.64095309510641
2002-03-02,-22.740159232164455,-26.251351272792384,22.527711483430554,49.03820921208686
2002-03-03,-21.759299297851637,-25.758487185621135,22.268600362332677,50.401259599338275
2002-03-04,-22.829485073553162,-26.104728390509145,22.284730335079512,50.85790653316066
2002-03-05,-23.624691610627632,-26.087536270196008,22.2492660593407,49.688991404040586
2002-03-06,-24.41550838725065,-23.64655673339888,21.89071606555514,52.398045167734
2002-03-07,-23.674358148104606,-24.22403589457819,20.809046368639446,52.29363003160963
2002-03-08,-21.55296812197286,-24.751643583418684,21.24687085024106,50.95138050758447
2002-03-09,-21.456638588516288,-25.278184223979466,20.08620349268662,51.56473950130704
2002-03-10,-22.618589349121265,-25.09900321532503,19.67674444351765,51.47898120694949
2002-03-11,-25.43582103723929,-24.511567663345463,19.421541768764854,49.88682943532856
2002-03-12,-24.200429562149132,-25.058134582723923,19.40311198501126,48.95585604344351
2002-03-13,-24.586837337204173,-25.071096669455446,19.807559912601057,50.04824573774688
2002-03-14,-24.844041582014462,-26.75578757496551,20.34971115773983,48.78352216567332
2002-03-15,-23.937205927129778,-27.181292263409066,20.78150921300406,48.15397261131965
2002-03-16,-23.66610133360326,-26.97778064658663,20.139448681449284,49.52534226944404
2002-03-17,-21.263556560689587,-27.112865117820615,19.394006346699456,49.939037623285294
2002-03-18,-20.804379795241413,-26.927161791035125,19.270031272418855,49.35717288231001
2002-03-19,-20.893647484255336,-25.871741075514414,19.579354790006693,48.82693004919997
2002-03-20,-20.958120034187004,-27.038915017795585,20.019497296433414,47.91789005223219
2002-03-21,-19.68418648834097,-27.078888231001592,21.52211611241293,47.8998687380218
2002-03-22,-19.607956031373188,-25.871929047992683,21.465013849836257,47.987985317610494
2002-03-23,-20.18853545005137,-26.696742120864528,20.520177517933323,49.48188039368052
2002-03-24,-19.29816195002628,-26.37536694422167,21.530571991103567,48.386570192616254
2002-03-25,-21.26463972886404,-26.752009975653852,21.757026966805007,49.5360178196253
2002-03-26,-20.171087703947006,-26.624288732191296,22.561319400709557,49.923041885257135
2002-03-27,-21.783637976823975,-28.359842455813066,23.159745376215344,48.789654589907165
2002-03-28,-21.5064132832543,-28.59863464080243,22.08245683046218,49.99555904217304
2002-03-29,-20.761504235634682,-28.73330199104386,23.510413919958804,51.500048186267
2002-03-30,-20.334067114566366,-29.266837650975344,25.83406269707801,51.41612375621596
2002-03-31,-19.267805147644488,-29.042468895585053,26.356283386947286,51.1971298368584
2002-04-01,-17.560223899753225,-29.23180854732453,25.838974581418828,51.15182274592356
2002-04-02,-18.539886255643562,-30.269345004705343,23.871703179716757,52.38911187989091
2002-04-03,-18.167157781885702,-31.65586114280594,24.916414404602556,51.98029331163699
2002-04-04,-19.02965919974953,-30.361427627666778,24.312569189893335,51.94502313727044
2002-04-05,-17.57835986858249,-30.78836039786944,23.90119453747392,52.56621090360408
2002-04-06,-17.318838390361226,-29.86138071768855,21.439690017885955,52.73496704531249
2002-04-07,-15.48905500268798,-30.070967607996973,21.087667565691056,54.33792209221163
2002-04-08,-17.25909258128369,-29.66053671148933,21.655695186354404,53.061144128742036
2002-04-09,-16.801917359637386,-30.829684971023237,20.585663640644647,52.5954820901726
2002-04-10,-16.27420918051996,-30.567682071626933,20.90953670034378,53.651628296217716
2002-04-11,-16.12101856414042,-29.51612993135795,20.962534800539853,53.62243165900384
2002-04-12,-17.212858617808024,-29.88215000457399,20.668685819574833,54.74690128527485
2002-04-13,-18.393101500198796,-29.879939179666295,21.80847909178109,55.800171905825806
2002-04-14,-18.96479408934345,-28.32897283044748,21.312721364947862,55.61717153648232
2002-04-15,-17.689886878516422,-26.6044960329434,21.411703700413906,54.47106945223203
2002-04-16,-17.181356774067673,-26.79664395615152,22.61309048603169,55.15030388807499
2002-04-17,-16.624298556123676,-27.333588457150636,22.34418200617868,55.84750734048096
2002-04-18,-14.986153634620258,-27.190667381484435,21.450038832876437,54.954135202249326
2002-04-19,-13.899410708198078,-27.27895999061523,21.02927810091752,55.970889720388094
2002-04-20,-14.660141030682533,-28.48113621411256,21.799498494232754,58.30013076031413
2002-04-21,-16.593335188843685,-28.24862462913384,22.828942332164896,57.74050846279428
2002-04-22,-15.576716738245548,-26.73075623384279,23.65267829545602,57.28930226089627
2002-04-23,-16.534547394991804,-27.358021866200044,22.121898238378588,56.60861341115139
2002-04-24,-15.875903693637907,-27.064077639150064,21.711194248068367,55.54838406248706
2002-04-25,-16.54129637606787,-26.78459892935135,20.475886612393047,55.515253888884025
2002-04-26,-18.039534624819513,-26.591262254477012,18.54591134411057,56.756011580085705
2002-04-27,-18.216249485105912,-27.427618095437047,18.62354457546642,56.47917449349006
2002-04-28,-17.510970610695793,-27.038587323816373,18.879505980163678,57.08604534881553
2002-04-29,-16.373312033821794,-28.39868318837481,20.003353016439128,56.943840835451965
2002-04-30,-15.8244529367139,-28.29325397176444,19.73100901355644,56.322003701153186
2002-05-01,-15.824729650663441,-26.806923040747495,19.997587787129223,57.14155928208312
2002-05-02,-17.423954939165682,-28.15689475067355,20.426567214431852,56.16368793990306
2002-05-03,-16.982508321096674,-28.661032158735058,19.309124506206256,56.10264261212853
2002-05-04,-17.775367060528474,-28.0308818223129,19.884026066396924,55.91981719524035
2002-05-05,-17.52537909385265,-27.484787367788783,19.3233832282807,55.43848824774924
2002-05-06,-16.482218820152063,-27.255472083814695,20.342655813612975,55.254660284417234
2002-05-07,-19.780990312081972,-27.155753755478777,21.794761936758256,56.639857782198355
2002-05-08,-20.713604221877535,-26.410298726995673,20.694654853364103,56.79729787805143
2002-05-09,-21.767942315803776,-25.330463644992548,20.5157842165838,56.047958678331305
2002-05-10,-20.05266845033719,-25.854987678217555,17.502834775703064,54.79355432609016
2002-05-11,-21.033127607036064,-25.905152966018626,16.465528991182072,56.96734584248563
2002-05-12,-19.76922694162313,-24.954886170068168,15.975988077453657,58.02676236761401
2002-05-13,-18.66488772620344,-26.165846316205474,14.645226272662837,57.79720099755694
2002-05-14,-17.123486031817436,-26.35671375568299,13.598143690017405,58.38321794843576
2002-05-15,-17.931016459547497,-28.776731479249495,13.21821184362593,57.52840523731002
2002-05-16,-17.16414705600363,-28.564063678744997,12.446264860445552,56.678893455415086
2002-05-17,-17.332304965986047,-28.76501464440372,12.007909536775658,55.61693802368192
2002-05-18,-18.29797576754836,-27.840600241589964,10.703952470618656,55.5164319603081
2002-05-19,-18.528785976770454,-26.51476632067181,9.702698350363066,55.00430449989344
2002-05-20,-19.089877081000594,-25.55490180912906,9.385689905933043,56.20750324010529
2002-05-21,-17.89363990310945,-25.58239997256157,11.004055763830092,55.89794754222402
2002-05-22,-16.486440465132844,-25.14344301580149,10.822861383313077,57.31030980504915
2002-05-23,-15.611472097057938,-26.192262840143904,10.282160157138964,57.23269718254096
2002-05-24,-14.997446348781583,-26.40388855512597,11.11992942631059,57.32561201754657
2002-05-25,-14.724148465249748,-26.988449659997094,11.526048473792207,56.232477829436014
2002-05-26,-14.366587004969809,-27.456875009090503,9.783316175576134,55.29638920344949
2002-05-27,-14.403407669322345,-27.315373766027687,8.867120628639633,54.25778702772588
2002-05-28,-13.015803719511604,-28.743319794377896,8.28429955912756,54.40007849705317
2002-05-29,-12.259946274912446,-28.24605131154382,6.911516589137475,54.7956040819337
2002-05-30,-11.077909492637295,-27.853245133592125,5.861186345021975,53.93641545130446
2002-05-31,-11.904040587458962,-27.581317132751256,5.018040788257757,54.016129258474656
2002-06-01,-11.133240387537656,-26.67005310935294,6.395010567550521,54.39421801484089
2002-06-02,-9.030125567283081,-25.30440992425134,8.30839670616721,54.234310116344645
2002-06-03,-8.55801193276042,-25.90987932124971,7.772973018147369,55.673009760394294
2002-06-04,-7.426942493648203,-27.522754635903347,8.028727804505799,55.17345507633697
2002-06-05,-7.844653653024998,-26.556956105230896,8.829987624977564,54.5548556439837
2002-06-06,-8.45146023206118,-28.189744642929483,9.05725985116139,56.704465967322584
2002-06-07,-8.823089549532577,-28.939617519647044,8.817829679953537,55.43398698981274
2002-06-08,-9.009271478866392,-29.027004323816417,8.331174301637336,55.74881544035188
2002-06-09,-7.727624620318533,-29.24432150020043,7.664020246337812,56.15469448197725
2002-06-10,-7.136841913334613,-29.606805667298566,6.212796880743949,56.552486436273085
2002-06-11,-7.752643449363198,-27.905184054851564,7.684476692251758,56.26475257449086
2002-06-12,-7.486201250743895,-27.442835368843966,7.885863177496974,57.846903369862254
2002-06-13,-7.099368880688251,-26.886849820764198,6.3036192008963,57.93783002474394
2002-06-14,-7.704761314314657,-28.045686313973864,6.099792887562216,56.29925426443815
2002-06-15,-9.070170868461561,-28.191759147533997,7.748191382331658,56.0632484994365
2002-06-16,-8.224142180688546,-27.561807946492287,7.482100165765406,56.23272169185972
2002-06-17,-8.673188430275948,-27.584841158969244,8.32165609969656,56.8698102328555
2002-06-18,-9.69057712887404,-27.94518387827868,8.301176805471933,56.870455246110524
2002-06-19,-9.802003844403533,-28.381988798528763,8.498706905182809,56.557921475046925
2002-06-20,-9.69566730090826,-29.303760153992027,7.848815215761898,57.87220778015955
2002-06-21,-10.389713977556246,-29.40862212939908,8.504461130690213,58.784472878744715
2002-06-22,-11.643493011783342,-26.877719794727778,6.936149202030122,58.861118615687374
2002-06-23,-11.097973339766508,-25.710398737181908,5.702921561319634,58.554696912701225
2002-06-24,-11.937351589977363,-25.65210120313454,6.151840531053523,56.295215470470616
2002-06-25,-10.615700481134322,-25.097589545246905,8.229412082425887,57.73994896497511
2002-06-26,-8.466091900857407,-25.95076452216451,7.705483577859595,57.46340354468924
2002-06-27,-7.581951304305644,-27.255145570100943,8.917026152182459,56.8432039906693
2002-06-28,-7.952632825373169,-27.342968278419196,8.695465197165763,57.88149568249691
2002-06-29,-8.447650489597903,-26.156295168452132,8.176128846311357,58.669734223632766
2002-06-30,-6.27371536315092,-25.581805012422368,9.256981697545468,57.89483664849825
2002-07-01,-7.164237045225361,-27.833510891118504,9.07031994396192,60.37411033273044
2002-07-02,-7.216763919510609,-27.23206903898834,10.207749842195495,61.34108818871263
2002-07-03,-6.680449716581517,-25.473169663350383,10.59759317599204,61.47473808649324
2002-07-04,-7.01169899609993,-25.87868046515646,8.503593591515813,63.3374226388058
2002-07-05,-5.804287973472173,-24.811189439535756,7.790933554121334,64.15440273339279
2002-07-06,-7.579327745670792,-26.095500866466708,6.253711479663281,62.944580725018156
2002-07-07,-7.14119716520313,-25.438843499218557,6.087477399373581,61.654104092417604
2002-07-08,-6.820576556430671,-26.78826451662229,6.320049185903852,61.038548260870684
2002-07-09,-6.834405164685908,-26.68670534517181,6.676793443683236,61.63347045720838
2002-07-10,-6.851956087910293,-24.8585421713553,6.812252503831261,62.87595156469539
2002-07-11,-6.5595582284685285,-25.47101547192389,7.347332026559841,63.15203378394318
2002-07-12,-7.237752667977967,-24.822420439283363,8.592054760848807,64.15005278864456
2002-07-13,-7.8819526936192235,-25.701214542176125,9.742806895124472,63.11894773479729
2002-07-14,-8.756761236226378,-25.546027859124205,8.93273978618338,63.20754295045441
2002-07-15,-9.223082943312196,-24.839790840470176,9.921084985724226,62.61380888962135
2002-07-16,-8.694679058747923,-22.968048232184888,10.934269478148716,62.462807687045455
2002-07-17,-11.14464029670189,-23.130853747215056,9.542457235181166,64.2203548498212
2002-07-18,-10.583594306020592,-22.439923480331778,10.177765757896587,65.39750845516909
2002-07-19,-11.070618739308983,-22.609966302464667,9.911789892101881,66.44150629695856
2002-07-20,-11.011718323212062,-22.14524556981196,10.019030444335286,67.41280795179225
2002-07-21,-11.219956909697348,-21.25815962378683,9.60508893454894,66.46840744523243
2002-07-22,-9.793394624175505,-20.069542582636863,10.281495075760041,65.99720870660637
2002-07-23,-11.348561809461874,-21.21573294528708,9.238041809237906,67.62212478066493
2002-07-24,-8.747314450290094,-22.48620544174128,8.142137126025672,66.88515585665785
2002-07-25,-10.428792703887215,-22.602927024726426,8.367361400110015,68.60154746376722
2002-07-26,-10.967000051003364,-21.53567255559333,9.2187676096207,68.22755261132194
2002-07-27,-12.05422814213745,-21.266545326193715,9.00720618633092,68.5514877547103
2002-07-28,-11.663400031079071,-21.73395757446946,11.258436991809985,70.34209719186454
2002-07-29,-11.098014801623727,-22.269405286785595,10.412504901218858,69.5366487734569
2002-07-30,-10.60970824672591,-21.353848494547215,11.453194212485347,66.96662837707541
2002-07-31,-9.93326784497468,-22.008796949873823,10.372034364558695,66.20794435431377
2002-08-01,-10.570090328498608,-23.210038430465417,9.456798037509552,67.77112144884272
2002-08-02,-10.420489473056293,-23.031306104572863,9.092491179278882,66.17437071234414
2002-08-03,-9.975404716183181,-22.482174227765654,8.882039176127007,66.05692852163737
2002-08-04,-9.295146125645696,-22.900742592395474,8.919514274192945,65.55787172569669
2002-08-05,-10.502198780652988,-22.815940711644004,9.543064153480962,63.884260821475785
2002-08-06,-10.969827306847028,-23.823565966443528,10.270853986881987,64.77856837275304
2002-08-07,-11.699784591342311,-20.716101298811903,10.266761899442905,63.77851915185137
2002-08-08,-11.206326778492675,-20.839965034870197,9.092828151271409,63.46287449320754
2002-08-09,-12.206205521561424,-20.91972658621938,10.944733410535475,62.58892806747296
2002-08-10,-12.339896248874057,-22.510740847614947,11.806030939885067,61.09372518929342
2002-08-11,-12.416950780677052,-23.624434366226456,12.08199220087974,61.97990907967154
2002-08-12,-12.766222002247831,-25.524684086019263,11.511325550319244,61.305297199175655
2002-08-13,-14.156556617970718,-26.122529536466406,12.60231222512233,61.400016938994796
2002-08-14,-13.715550588311848,-24.90291920995704,12.736687111671971,60.45567741880963
2002-08-15,-11.789772295300757,-24.013737589563892,13.603711868555724,60.12562411884487
2002-08-16,-12.157717982086979,-24.478599404628092,13.10655494630685,61.598918568345496
2002-08-17,-11.645117797179262,-23.666045016820306,12.649730608178906,61.801387254897236
2002-08-18,-11.055240426136523,-22.98103202091651,13.11495795892563,62.645987316355296
2002-08-19,-12.503293394254895,-23.094723632178123,12.848370561305284,63.88334353622809
2002-08-20,-13.457858814222513,-21.559321285469665,15.127485635243207,64.52023423941915
2002-08-21,-13.092748706658403,-21.936846738174694,15.335469520569786,63.98100370198535
2002-08-22,-12.500590996489521,-22.585629100127917,13.969091620411978,63.39071042972813
2002-08-23,-12.606702835345002,-24.413420016485475,13.148072066328627,64.21450651519822
2002-08-24,-12.18749172155762,-24.974948614338295,13.390828685700955,64.10195161592941
2002-08-25,-12.881465534208251,-24.243881605712474,12.103377297781101,62.83432607906088
2002-08-26,-12.642884731374156,-22.752204341519416,10.862402295148973,63.581462200613736
2002-08-27,-12.390311537526035,-22.775446161839643,10.94315408448842,64.6955109276245
2002-08-28,-12.576429284430382,-23.88671113165101,10.029596238816378,63.87328733608945
2002-08-29,-10.70859666743777,-23.444414453631804,8.59159012472781,62.77515151898199
2002-08-30,-11.611178982686313,-23.676568295436038,7.210041603445092,61.8773040370948
2002-08-31,-12.595382106409176,-23.645681625903812,8.288420767695634,62.968836629241444
2002-09-01,-12.875569316582604,-23.617078354285226,6.516902049909657,63.38473302481338
2002-09-02,-12.609833477628843,-23.218257072141895,5.760849349680672,63.38568083525747
2002-09-03,-12.408388884735647,-24.20956185865061,5.439347937016372,63.41544772731927
2002-09-04,-12.542117630055486,-24.01255114447882,4.302597121591315,63.22097959965394
2002-09-05,-12.054224312358567,-25.012904190920988,4.4697655233138125,61.95813738318791
2002-09-06,-11.592767114229192,-26.837173871821687,2.765289802181382,61.40564865717385
2002-09-07,-9.847780745432116,-27.435274664540405,2.1991108908031594,61.54822231213844
2002-09-08,-11.027601715368274,-25.17417906474975,0.9858110118505812,62.93281097973709
2002-09-09,-12.871919759775004,-25.40702133214148,1.5898095801912815,63.824889739864545
2002-09-10,-11.632195200800611,-24.845113406235807,2.362443164018727,64.64070008479455
2002-09-11,-12.259051169348599,-24.354990172637322,2.6532879946801993,64.67674775757311
2002-09-12,-11.3890514352601,-23.64025402362826,3.3386480351586707,63.5144212070758
2002-09-13,-12.869556587823954,-23.949706851974554,3.234918818392304,63.50910911159997
2002-09-14,-12.968955400609886,-23.22308028507562,2.9902418646596423,61.80938391277334
2002-09-15,-12.559781086047876,-23.02396594488116,1.7003955072497863,60.326146062961364
2002-09-16,-11.458853365850597,-22.212296033057847,3.058556415538907,61.91656915372229
2002-09-17,-12.144378747518134,-23.446276040431844,1.5603435933245862,60.08228131760677
2002-09-18,-11.434702584138218,-23.186232985357915,2.282489275872441,59.91931516462725
2002-09-19,-12.008541034141006,-23.292514497803193,4.205340969602388,59.04595957549407
2002-09-20,-11.779147767595498,-23.735351072040984,4.003105679203593,59.42796762546892
2002-09-21,-13.794460977571402,-22.05494355469151,5.5849281232713635,60.18065646329312
2002-09-22,-13.97279965719362,-21.581145324271283,4.190521592482807,59.82859811748479
2002-09-23,-15.248276652401705,-20.792191450595244,5.080382840862904,58.587811895101005
2002-09-24,-15.08928750239311,-19.964259221096793,6.265235518088494,57.37310736329947
2002-09-25,-14.720571938227188,-17.52708332657923,7.174481312877833,59.094059600572535
2002-09-26,-16.329826572901382,-17.253599810912974,7.440703219138203,59.615369563473685
